tag,image_name
belly,data/train/belly/20231206_121209_001.jpg
belly,data/train/belly/20231206_121209_002.jpg
belly,data/train/belly/20231206_121209_003.jpg
belly,data/train/belly/20231206_121209_004.jpg
belly,data/train/belly/20231206_121209_005.jpg
belly,data/train/belly/20231206_121209_006.jpg
belly,data/train/belly/20231206_121209_007.jpg
belly,data/train/belly/20231206_121209_008.jpg
belly,data/train/belly/20231206_121209_009.jpg
belly,data/train/belly/20231206_121209_010.jpg
belly,data/train/belly/20231206_121209_011.jpg
belly,data/train/belly/20231206_121209_012.jpg
belly,data/train/belly/20231206_121217_001.jpg
belly,data/train/belly/20231206_121217_002.jpg
belly,data/train/belly/20231206_121217_003.jpg
belly,data/train/belly/20231206_121217_004.jpg
belly,data/train/belly/20231206_121217_005.jpg
belly,data/train/belly/20231206_121217_006.jpg
belly,data/train/belly/20231206_121217_007.jpg
belly,data/train/belly/20231206_121217_008.jpg
belly,data/train/belly/20231206_121217_009.jpg
belly,data/train/belly/20231206_121217_010.jpg
belly,data/train/belly/20231206_121217_011.jpg
belly,data/train/belly/20231206_121217_012.jpg
belly,data/train/belly/20231206_121217_013.jpg
belly,data/train/belly/20231206_121217_014.jpg
belly,data/train/belly/20231206_121217_015.jpg
belly,data/train/belly/20231206_121217_016.jpg
belly,data/train/belly/20231206_121217_017.jpg
belly,data/train/belly/20231206_121217_018.jpg
belly,data/train/belly/20231206_121217_019.jpg
belly,data/train/belly/20231206_121217_020.jpg
belly,data/train/belly/20231206_121217_021.jpg
belly,data/train/belly/20231206_121217_022.jpg
belly,data/train/belly/20231206_121217_023.jpg
belly,data/train/belly/20231206_121217_024.jpg
belly,data/train/belly/20231206_121217_025.jpg
belly,data/train/belly/20231206_121217_026.jpg
belly,data/train/belly/20231206_121217_027.jpg
belly,data/train/belly/20231206_121217_028.jpg
belly,data/train/belly/20231206_121217_029.jpg
belly,data/train/belly/20231206_121217_030.jpg
belly,data/train/belly/20231206_121217_031.jpg
belly,data/train/belly/20231206_121217_032.jpg
belly,data/train/belly/20231206_121217_033.jpg
belly,data/train/belly/20231206_121217_034.jpg
belly,data/train/belly/20231206_121217_035.jpg
belly,data/train/belly/20231206_121217_036.jpg
belly,data/train/belly/20231206_121217_037.jpg
belly,data/train/belly/20231206_121217_038.jpg
belly,data/train/belly/20231206_121217_039.jpg
belly,data/train/belly/20231206_121217_040.jpg
belly,data/train/belly/20231206_121217_041.jpg
belly,data/train/belly/20231206_121217_042.jpg
belly,data/train/belly/20231206_121217_043.jpg
belly,data/train/belly/20231206_121217_044.jpg
belly,data/train/belly/20231206_121217_045.jpg
belly,data/train/belly/20231206_121217_046.jpg
belly,data/train/belly/20231206_121217_047.jpg
belly,data/train/belly/20231206_121217_048.jpg
belly,data/train/belly/20231206_121217_049.jpg
belly,data/train/belly/20231206_121217_050.jpg
belly,data/train/belly/20231206_121217_051.jpg
belly,data/train/belly/20231206_121217_052.jpg
belly,data/train/belly/20231206_121217_053.jpg
belly,data/train/belly/20231206_121217_054.jpg
belly,data/train/belly/20231206_121217_055.jpg
belly,data/train/belly/20231206_121217_056.jpg
belly,data/train/belly/20231206_121217_057.jpg
belly,data/train/belly/20231206_121217_058.jpg
belly,data/train/belly/20231206_121217_059.jpg
belly,data/train/belly/20231206_121217_060.jpg
belly,data/train/belly/20231206_121217_061.jpg
belly,data/train/belly/20231206_121217_062.jpg
belly,data/train/belly/20231206_121217_063.jpg
belly,data/train/belly/20231206_121217_064.jpg
belly,data/train/belly/20231206_121217_065.jpg
belly,data/train/belly/20231206_121217_066.jpg
belly,data/train/belly/20231206_121217_067.jpg
belly,data/train/belly/20231206_121217_068.jpg
belly,data/train/belly/20231206_121217_069.jpg
belly,data/train/belly/20231206_121217_070.jpg
belly,data/train/belly/20231206_121217_071.jpg
belly,data/train/belly/20231206_121217_072.jpg
belly,data/train/belly/20231206_121217_073.jpg
belly,data/train/belly/20231206_121217_074.jpg
belly,data/train/belly/20231206_121235_001.jpg
belly,data/train/belly/20231206_121235_002.jpg
belly,data/train/belly/20231206_121235_003.jpg
belly,data/train/belly/20231206_121235_004.jpg
belly,data/train/belly/20231206_121235_005.jpg
belly,data/train/belly/20231206_121235_006.jpg
belly,data/train/belly/20231206_121235_007.jpg
belly,data/train/belly/20231206_121235_008.jpg
belly,data/train/belly/20231206_121235_009.jpg
belly,data/train/belly/20231206_121235_010.jpg
belly,data/train/belly/20231206_121235_011.jpg
belly,data/train/belly/20231206_121235_012.jpg
belly,data/train/belly/20231206_121235_013.jpg
belly,data/train/belly/20231206_121235_014.jpg
belly,data/train/belly/20231206_121235_015.jpg
belly,data/train/belly/20231206_121235_016.jpg
belly,data/train/belly/20231206_121235_017.jpg
belly,data/train/belly/20231206_121235_018.jpg
belly,data/train/belly/20231206_121235_019.jpg
belly,data/train/belly/20231206_121235_020.jpg
belly,data/train/belly/20231206_121235_021.jpg
belly,data/train/belly/20231206_121235_022.jpg
belly,data/train/belly/20231206_121235_023.jpg
belly,data/train/belly/20231206_121235_024.jpg
belly,data/train/belly/20231206_121235_025.jpg
belly,data/train/belly/20231206_121235_026.jpg
belly,data/train/belly/20231206_121235_027.jpg
belly,data/train/belly/20231206_121235_028.jpg
belly,data/train/belly/20231206_121235_029.jpg
belly,data/train/belly/20231206_121235_030.jpg
belly,data/train/belly/20231206_121235_031.jpg
belly,data/train/belly/20231206_121235_032.jpg
belly,data/train/belly/20231206_121235_033.jpg
belly,data/train/belly/20231206_121235_034.jpg
belly,data/train/belly/20231206_121235_035.jpg
belly,data/train/belly/20231206_121235_036.jpg
belly,data/train/belly/20231206_121235_037.jpg
belly,data/train/belly/20231206_121235_038.jpg
belly,data/train/belly/20231206_121235_039.jpg
belly,data/train/belly/20231206_121235_040.jpg
belly,data/train/belly/20231206_121235_041.jpg
belly,data/train/belly/20231206_121235_042.jpg
belly,data/train/belly/20231206_121235_043.jpg
belly,data/train/belly/20231206_121235_044.jpg
belly,data/train/belly/20231206_121235_045.jpg
belly,data/train/belly/20231206_121235_046.jpg
belly,data/train/belly/20231206_121235_047.jpg
belly,data/train/belly/20231206_121235_048.jpg
belly,data/train/belly/20231206_121235_049.jpg
belly,data/train/belly/20231206_121235_050.jpg
belly,data/train/belly/20231206_121235_051.jpg
belly,data/train/belly/20231206_121235_052.jpg
belly,data/train/belly/20231206_121235_053.jpg
belly,data/train/belly/20231206_121235_054.jpg
belly,data/train/belly/20231206_121235_055.jpg
belly,data/train/belly/20231206_121235_056.jpg
belly,data/train/belly/20231206_121235_057.jpg
belly,data/train/belly/20231206_121235_058.jpg
belly,data/train/belly/20231206_121235_059.jpg
belly,data/train/belly/20231206_121235_060.jpg
belly,data/train/belly/20231206_121235_061.jpg
belly,data/train/belly/20231206_121235_062.jpg
belly,data/train/belly/20231206_121235_063.jpg
belly,data/train/belly/20231206_121235_064.jpg
belly,data/train/belly/20231206_121235_065.jpg
belly,data/train/belly/20231206_121235_066.jpg
belly,data/train/belly/20231206_121235_067.jpg
belly,data/train/belly/20231206_121235_068.jpg
belly,data/train/belly/20231206_121235_069.jpg
belly,data/train/belly/20231206_121235_070.jpg
belly,data/train/belly/20231206_121235_071.jpg
belly,data/train/belly/20231206_121235_072.jpg
belly,data/train/belly/20231206_121235_073.jpg
belly,data/train/belly/20231206_121235_074.jpg
belly,data/train/belly/20231206_121235_075.jpg
belly,data/train/belly/20231206_121235_076.jpg
belly,data/train/belly/20231206_121235_077.jpg
belly,data/train/belly/20231206_121235_078.jpg
belly,data/train/belly/20231206_121235_079.jpg
belly,data/train/belly/20231206_121235_080.jpg
belly,data/train/belly/20231206_121235_081.jpg
belly,data/train/belly/20231206_121235_082.jpg
belly,data/train/belly/20231206_121235_083.jpg
child,data/train/child/20231206_114119_001.jpg
child,data/train/child/20231206_114119_002.jpg
child,data/train/child/20231206_114119_003.jpg
child,data/train/child/20231206_114119_004.jpg
child,data/train/child/20231206_114119_005.jpg
child,data/train/child/20231206_114119_006.jpg
child,data/train/child/20231206_114119_007.jpg
child,data/train/child/20231206_114119_008.jpg
child,data/train/child/20231206_114119_009.jpg
child,data/train/child/20231206_114119_010.jpg
child,data/train/child/20231206_114119_011.jpg
child,data/train/child/20231206_114119_012.jpg
child,data/train/child/20231206_114119_013.jpg
child,data/train/child/20231206_114119_014.jpg
child,data/train/child/20231206_114119_015.jpg
child,data/train/child/20231206_114119_016.jpg
child,data/train/child/20231206_114119_017.jpg
child,data/train/child/20231206_114119_018.jpg
child,data/train/child/20231206_114119_019.jpg
child,data/train/child/20231206_114119_020.jpg
child,data/train/child/20231206_114119_021.jpg
child,data/train/child/20231206_114119_022.jpg
child,data/train/child/20231206_114119_023.jpg
child,data/train/child/20231206_114119_024.jpg
child,data/train/child/20231206_114119_025.jpg
child,data/train/child/20231206_114119_026.jpg
child,data/train/child/20231206_114119_027.jpg
child,data/train/child/20231206_114119_028.jpg
child,data/train/child/20231206_114119_029.jpg
child,data/train/child/20231206_114119_030.jpg
child,data/train/child/20231206_114119_031.jpg
child,data/train/child/20231206_114119_032.jpg
child,data/train/child/20231206_114119_033.jpg
child,data/train/child/20231206_114119_034.jpg
child,data/train/child/20231206_114119_035.jpg
child,data/train/child/20231206_114119_036.jpg
child,data/train/child/20231206_114119_037.jpg
child,data/train/child/20231206_114119_038.jpg
child,data/train/child/20231206_114119_039.jpg
child,data/train/child/20231206_114119_040.jpg
child,data/train/child/20231206_114119_041.jpg
child,data/train/child/20231206_114119_042.jpg
child,data/train/child/20231206_114119_043.jpg
child,data/train/child/20231206_114119_044.jpg
child,data/train/child/20231206_114119_045.jpg
child,data/train/child/20231206_114119_046.jpg
child,data/train/child/20231206_114119_047.jpg
child,data/train/child/20231206_114119_048.jpg
child,data/train/child/20231206_114119_049.jpg
child,data/train/child/20231206_114119_050.jpg
child,data/train/child/20231206_114119_051.jpg
child,data/train/child/20231206_114119_052.jpg
child,data/train/child/20231206_114119_053.jpg
child,data/train/child/20231206_114119_054.jpg
child,data/train/child/20231206_114119_055.jpg
child,data/train/child/20231206_114119_056.jpg
child,data/train/child/20231206_114119_057.jpg
child,data/train/child/20231206_114119_058.jpg
child,data/train/child/20231206_114119_059.jpg
child,data/train/child/20231206_114119_060.jpg
child,data/train/child/20231206_114119_061.jpg
child,data/train/child/20231206_114119_062.jpg
child,data/train/child/20231206_114119_063.jpg
child,data/train/child/20231206_114119_064.jpg
child,data/train/child/20231206_114119_065.jpg
child,data/train/child/20231206_114119_066.jpg
child,data/train/child/20231206_114119_067.jpg
child,data/train/child/20231206_114119_068.jpg
child,data/train/child/20231206_114119_069.jpg
child,data/train/child/20231206_114119_070.jpg
child,data/train/child/20231206_114119_071.jpg
child,data/train/child/20231206_114119_072.jpg
child,data/train/child/20231206_114119_073.jpg
child,data/train/child/20231206_114119_074.jpg
child,data/train/child/20231206_114119_075.jpg
child,data/train/child/20231206_114119_076.jpg
child,data/train/child/20231206_114119_077.jpg
child,data/train/child/20231206_114119_078.jpg
child,data/train/child/20231206_114119_079.jpg
child,data/train/child/20231206_114119_080.jpg
child,data/train/child/20231206_114226_001.jpg
child,data/train/child/20231206_114226_002.jpg
child,data/train/child/20231206_114226_003.jpg
child,data/train/child/20231206_114226_004.jpg
child,data/train/child/20231206_114226_005.jpg
child,data/train/child/20231206_114226_006.jpg
child,data/train/child/20231206_114226_007.jpg
child,data/train/child/20231206_114226_008.jpg
child,data/train/child/20231206_114226_009.jpg
child,data/train/child/20231206_114226_010.jpg
child,data/train/child/20231206_114226_011.jpg
child,data/train/child/20231206_114226_012.jpg
child,data/train/child/20231206_114226_013.jpg
child,data/train/child/20231206_114226_014.jpg
child,data/train/child/20231206_114226_015.jpg
child,data/train/child/20231206_114226_016.jpg
child,data/train/child/20231206_114226_017.jpg
child,data/train/child/20231206_114226_018.jpg
child,data/train/child/20231206_114226_019.jpg
child,data/train/child/20231206_114226_020.jpg
child,data/train/child/20231206_114226_021.jpg
child,data/train/child/20231206_114226_022.jpg
child,data/train/child/20231206_114226_023.jpg
child,data/train/child/20231206_114226_024.jpg
child,data/train/child/20231206_114226_025.jpg
child,data/train/child/20231206_114226_026.jpg
child,data/train/child/20231206_114226_027.jpg
child,data/train/child/20231206_114226_028.jpg
child,data/train/child/20231206_114226_029.jpg
child,data/train/child/20231206_114226_030.jpg
child,data/train/child/20231206_114226_031.jpg
child,data/train/child/20231206_114226_032.jpg
child,data/train/child/20231206_114226_033.jpg
child,data/train/child/20231206_114226_034.jpg
child,data/train/child/20231206_114226_035.jpg
child,data/train/child/20231206_114226_036.jpg
child,data/train/child/20231206_114226_037.jpg
child,data/train/child/20231206_114226_038.jpg
child,data/train/child/20231206_114226_039.jpg
child,data/train/child/20231206_114226_040.jpg
child,data/train/child/20231206_114226_041.jpg
child,data/train/child/20231206_114226_042.jpg
child,data/train/child/20231206_114226_043.jpg
child,data/train/child/20231206_114226_044.jpg
child,data/train/child/20231206_114226_045.jpg
child,data/train/child/20231206_114226_046.jpg
child,data/train/child/20231206_114226_047.jpg
child,data/train/child/20231206_114226_048.jpg
child,data/train/child/20231206_114226_049.jpg
child,data/train/child/20231206_114226_050.jpg
child,data/train/child/20231206_114226_051.jpg
child,data/train/child/20231206_114226_052.jpg
child,data/train/child/20231206_114226_053.jpg
child,data/train/child/20231206_114226_054.jpg
child,data/train/child/20231206_114226_055.jpg
child,data/train/child/20231206_114226_056.jpg
child,data/train/child/20231206_114226_057.jpg
child,data/train/child/20231206_114226_058.jpg
child,data/train/child/20231206_114226_059.jpg
child,data/train/child/20231206_114226_060.jpg
child,data/train/child/20231206_114226_061.jpg
child,data/train/child/20231206_114226_062.jpg
child,data/train/child/20231206_114226_063.jpg
child,data/train/child/20231206_114226_064.jpg
child,data/train/child/20231206_114226_065.jpg
child,data/train/child/20231206_114226_066.jpg
child,data/train/child/20231206_114226_067.jpg
child,data/train/child/20231206_114226_068.jpg
child,data/train/child/20231206_114226_069.jpg
child,data/train/child/20231206_114226_070.jpg
child,data/train/child/20231206_114226_071.jpg
child,data/train/child/20231206_114226_072.jpg
child,data/train/child/20231206_114226_073.jpg
child,data/train/child/20231206_114226_074.jpg
child,data/train/child/20231206_114226_075.jpg
child,data/train/child/20231206_114226_076.jpg
child,data/train/child/20231206_114226_077.jpg
child,data/train/child/20231206_114226_078.jpg
child,data/train/child/20231206_114226_079.jpg
child,data/train/child/20231206_114226_080.jpg
child,data/train/child/20231206_114226_081.jpg
child,data/train/child/20231206_114226_082.jpg
child,data/train/child/20231206_114226_083.jpg
child,data/train/child/20231206_114226_084.jpg
child,data/train/child/20231206_114226_085.jpg
child,data/train/child/20231206_114226_086.jpg
child,data/train/child/20231206_114226_087.jpg
child,data/train/child/20231206_114226_088.jpg
down,data/train/down/20231206_114329_001.jpg
down,data/train/down/20231206_114329_002.jpg
down,data/train/down/20231206_114329_003.jpg
down,data/train/down/20231206_114329_004.jpg
down,data/train/down/20231206_114329_005.jpg
down,data/train/down/20231206_114329_006.jpg
down,data/train/down/20231206_114329_007.jpg
down,data/train/down/20231206_114329_008.jpg
down,data/train/down/20231206_114329_009.jpg
down,data/train/down/20231206_114329_010.jpg
down,data/train/down/20231206_114329_011.jpg
down,data/train/down/20231206_114329_012.jpg
down,data/train/down/20231206_114329_013.jpg
down,data/train/down/20231206_114329_014.jpg
down,data/train/down/20231206_114329_015.jpg
down,data/train/down/20231206_114329_016.jpg
down,data/train/down/20231206_114329_017.jpg
down,data/train/down/20231206_114329_018.jpg
down,data/train/down/20231206_114329_019.jpg
down,data/train/down/20231206_114329_020.jpg
down,data/train/down/20231206_114329_021.jpg
down,data/train/down/20231206_114329_022.jpg
down,data/train/down/20231206_114329_023.jpg
down,data/train/down/20231206_114329_024.jpg
down,data/train/down/20231206_114329_025.jpg
down,data/train/down/20231206_114329_026.jpg
down,data/train/down/20231206_114329_027.jpg
down,data/train/down/20231206_114329_028.jpg
down,data/train/down/20231206_114329_029.jpg
down,data/train/down/20231206_114329_030.jpg
down,data/train/down/20231206_114329_031.jpg
down,data/train/down/20231206_114329_032.jpg
down,data/train/down/20231206_114329_033.jpg
down,data/train/down/20231206_114329_034.jpg
down,data/train/down/20231206_114329_035.jpg
down,data/train/down/20231206_114329_036.jpg
down,data/train/down/20231206_114329_037.jpg
down,data/train/down/20231206_114329_038.jpg
down,data/train/down/20231206_114329_039.jpg
down,data/train/down/20231206_114329_040.jpg
down,data/train/down/20231206_114329_044.jpg
down,data/train/down/20231206_114329_045.jpg
down,data/train/down/20231206_114329_046.jpg
down,data/train/down/20231206_114329_047.jpg
down,data/train/down/20231206_114517_001.jpg
down,data/train/down/20231206_114517_002.jpg
down,data/train/down/20231206_114517_003.jpg
down,data/train/down/20231206_114517_004.jpg
down,data/train/down/20231206_114517_005.jpg
down,data/train/down/20231206_114517_006.jpg
down,data/train/down/20231206_114517_007.jpg
down,data/train/down/20231206_114517_008.jpg
down,data/train/down/20231206_114517_009.jpg
down,data/train/down/20231206_114517_013.jpg
down,data/train/down/20231206_114517_014.jpg
down,data/train/down/20231206_114517_015.jpg
down,data/train/down/20231206_114517_016.jpg
down,data/train/down/20231206_114517_017.jpg
down,data/train/down/20231206_114517_018.jpg
down,data/train/down/20231206_114517_019.jpg
down,data/train/down/20231206_114517_020.jpg
down,data/train/down/20231206_114517_021.jpg
down,data/train/down/20231206_114517_022.jpg
down,data/train/down/20231206_114517_023.jpg
down,data/train/down/20231206_114517_024.jpg
down,data/train/down/20231206_114517_025.jpg
down,data/train/down/20231206_114517_026.jpg
down,data/train/down/20231206_114517_027.jpg
down,data/train/down/20231206_114517_028.jpg
down,data/train/down/20231206_114517_029.jpg
down,data/train/down/20231206_114517_030.jpg
down,data/train/down/20231206_114517_031.jpg
down,data/train/down/20231206_114517_032.jpg
down,data/train/down/20231206_114517_033.jpg
down,data/train/down/20231206_114517_034.jpg
down,data/train/down/20231206_114517_035.jpg
down,data/train/down/20231206_114517_036.jpg
down,data/train/down/20231206_114517_037.jpg
down,data/train/down/20231206_114517_038.jpg
down,data/train/down/20231206_114517_039.jpg
down,data/train/down/20231206_114517_040.jpg
down,data/train/down/20231206_114517_041.jpg
down,data/train/down/20231206_114517_042.jpg
down,data/train/down/20231206_114517_043.jpg
down,data/train/down/20231206_114517_044.jpg
down,data/train/down/20231206_114517_045.jpg
down,data/train/down/20231206_114517_046.jpg
down,data/train/down/20231206_114517_047.jpg
down,data/train/down/20231206_114517_048.jpg
down,data/train/down/20231206_114517_049.jpg
down,data/train/down/20231206_114517_050.jpg
down,data/train/down/20231206_114517_051.jpg
down,data/train/down/20231206_114517_052.jpg
down,data/train/down/20231206_114517_053.jpg
down,data/train/down/20231206_114517_054.jpg
down,data/train/down/20231206_114517_055.jpg
down,data/train/down/20231206_114517_056.jpg
down,data/train/down/20231206_114517_057.jpg
down,data/train/down/20231206_114517_058.jpg
down,data/train/down/20231206_114517_059.jpg
down,data/train/down/20231206_114517_060.jpg
down,data/train/down/20231206_114517_061.jpg
down,data/train/down/20231206_114517_062.jpg
down,data/train/down/20231206_114517_063.jpg
down,data/train/down/20231206_114517_064.jpg
down,data/train/down/20231206_114517_065.jpg
down,data/train/down/20231206_114517_066.jpg
down,data/train/down/20231206_114517_067.jpg
down,data/train/down/20231206_114517_068.jpg
down,data/train/down/20231206_114517_069.jpg
down,data/train/down/20231206_114517_076.jpg
down,data/train/down/20231206_114517_077.jpg
down,data/train/down/20231206_114517_078.jpg
down,data/train/down/20231206_114517_079.jpg
down,data/train/down/20231206_114517_080.jpg
down,data/train/down/20231206_114517_081.jpg
down,data/train/down/20231206_114517_082.jpg
down,data/train/down/20231206_114517_083.jpg
down,data/train/down/20231206_114517_084.jpg
down,data/train/down/20231206_114517_085.jpg
down,data/train/down/20231206_115555_003.jpg
down,data/train/down/20231206_115555_004.jpg
down,data/train/down/20231206_115555_005.jpg
down,data/train/down/20231206_115555_006.jpg
down,data/train/down/20231206_115555_007.jpg
down,data/train/down/20231206_115555_008.jpg
down,data/train/down/20231206_115555_009.jpg
down,data/train/down/20231206_115555_010.jpg
down,data/train/down/20231206_115555_011.jpg
down,data/train/down/20231206_115555_012.jpg
down,data/train/down/20231206_115555_019.jpg
down,data/train/down/20231206_115555_020.jpg
down,data/train/down/20231206_115555_021.jpg
down,data/train/down/20231206_115555_022.jpg
down,data/train/down/20231206_115555_023.jpg
down,data/train/down/20231206_115555_024.jpg
down,data/train/down/20231206_115555_025.jpg
down,data/train/down/20231206_115555_026.jpg
down,data/train/down/20231206_115555_027.jpg
down,data/train/down/20231206_115555_028.jpg
down,data/train/down/20231206_115555_029.jpg
down,data/train/down/20231206_115555_030.jpg
down,data/train/down/20231206_115555_031.jpg
down,data/train/down/20231206_115555_032.jpg
down,data/train/down/20231206_115555_033.jpg
down,data/train/down/20231206_115555_034.jpg
down,data/train/down/20231206_115555_035.jpg
down,data/train/down/20231206_115555_036.jpg
down,data/train/down/20231206_115555_037.jpg
down,data/train/down/20231206_115555_038.jpg
down,data/train/down/20231206_115555_039.jpg
down,data/train/down/20231206_115555_040.jpg
down,data/train/down/20231206_115555_041.jpg
down,data/train/down/20231206_115555_042.jpg
down,data/train/down/20231206_115555_043.jpg
down,data/train/down/20231206_115555_044.jpg
down,data/train/down/20231206_115555_045.jpg
down,data/train/down/20231206_115555_046.jpg
down,data/train/down/20231206_115555_047.jpg
down,data/train/down/20231206_115555_048.jpg
down,data/train/down/20231206_115555_049.jpg
down,data/train/down/20231206_115555_050.jpg
down,data/train/down/20231206_115555_051.jpg
down,data/train/down/20231206_115555_052.jpg
down,data/train/down/20231206_115555_053.jpg
down,data/train/down/20231206_115555_054.jpg
down,data/train/down/20231206_115555_055.jpg
lost,data/train/lost/1234.jpg
lost,data/train/lost/123aedw.jpg
lost,data/train/lost/2.jpg
lost,data/train/lost/20231206_115104_001.jpg
lost,data/train/lost/20231206_115104_002.jpg
lost,data/train/lost/20231206_115104_003.jpg
lost,data/train/lost/20231206_115104_004.jpg
lost,data/train/lost/20231206_115104_005.jpg
lost,data/train/lost/20231206_115104_006.jpg
lost,data/train/lost/20231206_115104_007.jpg
lost,data/train/lost/20231206_115104_008.jpg
lost,data/train/lost/20231206_115104_009.jpg
lost,data/train/lost/20231206_115104_010.jpg
lost,data/train/lost/20231206_115104_011.jpg
lost,data/train/lost/20231206_115104_012.jpg
lost,data/train/lost/20231206_115104_013.jpg
lost,data/train/lost/20231206_115104_014.jpg
lost,data/train/lost/20231206_115104_015.jpg
lost,data/train/lost/20231206_115104_016.jpg
lost,data/train/lost/20231206_115104_017.jpg
lost,data/train/lost/20231206_115104_018.jpg
lost,data/train/lost/20231206_115104_019.jpg
lost,data/train/lost/20231206_115104_020.jpg
lost,data/train/lost/20231206_115104_021.jpg
lost,data/train/lost/20231206_115104_022.jpg
lost,data/train/lost/20231206_115104_023.jpg
lost,data/train/lost/20231206_115104_024.jpg
lost,data/train/lost/20231206_115104_025.jpg
lost,data/train/lost/20231206_115104_026.jpg
lost,data/train/lost/20231206_115104_027.jpg
lost,data/train/lost/20231206_115104_028.jpg
lost,data/train/lost/20231206_115104_029.jpg
lost,data/train/lost/20231206_115104_030.jpg
lost,data/train/lost/20231206_115104_031.jpg
lost,data/train/lost/20231206_115104_032.jpg
lost,data/train/lost/20231206_115104_033.jpg
lost,data/train/lost/20231206_115104_034.jpg
lost,data/train/lost/20231206_115104_035.jpg
lost,data/train/lost/20231206_115104_036 - 1.jpg
lost,data/train/lost/20231206_115104_036.jpg
lost,data/train/lost/20231206_115104_037 -1.jpg
lost,data/train/lost/20231206_115104_037.jpg
lost,data/train/lost/20231206_115104_038 - 1.jpg
lost,data/train/lost/20231206_115104_038.jpg
lost,data/train/lost/20231206_115104_039 - 1.jpg
lost,data/train/lost/20231206_115104_039 - 2.jpg
lost,data/train/lost/20231206_115104_039.jpg
lost,data/train/lost/20231206_115104_040 - 3.jpg
lost,data/train/lost/20231206_115104_040.jpg
lost,data/train/lost/20231206_115104_041 -3.jpg
lost,data/train/lost/20231206_115104_041.jpg
lost,data/train/lost/20231206_115104_042 - 1.jpg
lost,data/train/lost/20231206_115104_042.jpg
lost,data/train/lost/20231206_115104_043 - 1.jpg
lost,data/train/lost/20231206_115104_043.jpg
lost,data/train/lost/20231206_115104_044 - 1.jpg
lost,data/train/lost/20231206_115104_044.jpg
lost,data/train/lost/20231206_115104_045 - 1.jpg
lost,data/train/lost/20231206_115104_045 - 2.jpg
lost,data/train/lost/20231206_115104_045.jpg
lost,data/train/lost/20231206_115104_046.jpg
lost,data/train/lost/20231206_115104_047.jpg
lost,data/train/lost/20231206_115104_048.jpg
lost,data/train/lost/20231206_115104_049.jpg
lost,data/train/lost/20231206_115104_050.jpg
lost,data/train/lost/20231206_115104_051.jpg
lost,data/train/lost/20231206_115104_052.jpg
lost,data/train/lost/20231206_115104_053.jpg
lost,data/train/lost/20231206_115104_054.jpg
lost,data/train/lost/20231206_115104_055.jpg
lost,data/train/lost/20231206_115104_056.jpg
lost,data/train/lost/20231206_115104_057.jpg
lost,data/train/lost/20231206_115104_058.jpg
lost,data/train/lost/20231206_115104_059.jpg
lost,data/train/lost/20231206_115151_001.jpg
lost,data/train/lost/20231206_115151_002.jpg
lost,data/train/lost/20231206_115151_003.jpg
lost,data/train/lost/20231206_115151_004.jpg
lost,data/train/lost/20231206_115151_005.jpg
lost,data/train/lost/20231206_115151_006.jpg
lost,data/train/lost/20231206_115151_007.jpg
lost,data/train/lost/20231206_115151_008.jpg
lost,data/train/lost/20231206_115151_009.jpg
lost,data/train/lost/20231206_115151_010.jpg
lost,data/train/lost/20231206_115151_011.jpg
lost,data/train/lost/20231206_115151_012.jpg
lost,data/train/lost/20231206_115151_013.jpg
lost,data/train/lost/20231206_115151_014.jpg
lost,data/train/lost/20231206_115151_015.jpg
lost,data/train/lost/20231206_115151_016.jpg
lost,data/train/lost/20231206_115151_017.jpg
lost,data/train/lost/20231206_115151_018.jpg
lost,data/train/lost/20231206_115151_019.jpg
lost,data/train/lost/20231206_115151_020.jpg
lost,data/train/lost/20231206_115151_021.jpg
lost,data/train/lost/20231206_115151_022.jpg
lost,data/train/lost/20231206_115151_023.jpg
lost,data/train/lost/20231206_115151_024.jpg
lost,data/train/lost/20231206_115151_025.jpg
lost,data/train/lost/20231206_115151_026.jpg
lost,data/train/lost/20231206_115151_027.jpg
lost,data/train/lost/20231206_115151_028.jpg
lost,data/train/lost/20231206_115151_029.jpg
lost,data/train/lost/20231206_115151_030.jpg
lost,data/train/lost/20231206_115151_031.jpg
lost,data/train/lost/20231206_115151_032.jpg
lost,data/train/lost/20231206_115151_033.jpg
lost,data/train/lost/20231206_115151_034.jpg
lost,data/train/lost/20231206_115151_035.jpg
lost,data/train/lost/20231206_115151_036.jpg
lost,data/train/lost/20231206_115151_037.jpg
lost,data/train/lost/20231206_115151_038.jpg
lost,data/train/lost/20231206_115151_039.jpg
lost,data/train/lost/20231206_115151_040.jpg
lost,data/train/lost/20231206_115151_041.jpg
lost,data/train/lost/20231206_115151_042.jpg
lost,data/train/lost/20231206_115151_043.jpg
lost,data/train/lost/20231206_115151_044.jpg
lost,data/train/lost/20231206_115151_045.jpg
lost,data/train/lost/20231206_115151_046.jpg
lost,data/train/lost/20231206_115151_047.jpg
lost,data/train/lost/20231206_115151_048.jpg
lost,data/train/lost/20231206_115151_049.jpg
lost,data/train/lost/20231206_115151_050.jpg
lost,data/train/lost/20231206_115151_051.jpg
lost,data/train/lost/20231206_115151_052.jpg
lost,data/train/lost/20231206_115151_053.jpg
lost,data/train/lost/20231206_115151_054.jpg
lost,data/train/lost/20231206_115151_055.jpg
lost,data/train/lost/20231206_115151_056.jpg
lost,data/train/lost/20231206_115151_057.jpg
lost,data/train/lost/20231206_115151_058.jpg
lost,data/train/lost/20231206_115151_059.jpg
lost,data/train/lost/20231206_115151_060.jpg
lost,data/train/lost/20231206_115151_061.jpg
lost,data/train/lost/20231206_115151_062.jpg
lost,data/train/lost/20231206_115151_063.jpg
lost,data/train/lost/20231206_115151_064.jpg
lost,data/train/lost/24taw3.jpg
lost,data/train/lost/3.jpg
lost,data/train/lost/3456.jpg
lost,data/train/lost/36e5n.jpg
lost,data/train/lost/4.jpg
lost,data/train/lost/43e65.jpg
lost,data/train/lost/43w5as3e.jpg
lost,data/train/lost/4563.jpg
lost,data/train/lost/465bue.jpg
lost,data/train/lost/5.jpg
lost,data/train/lost/5w234.jpg
lost,data/train/lost/6.jpg
lost,data/train/lost/657.jpg
lost,data/train/lost/a5he.jpg
lost,data/train/lost/cq24.jpg
lost,data/train/lost/cqa3.jpg
lost,data/train/lost/eswrt.jpg
lost,data/train/lost/hrsty.jpg
lost,data/train/lost/q.jpg
lost,data/train/lost/qc232c.jpg
lost,data/train/lost/qc243.jpg
lost,data/train/lost/qv.jpg
lost,data/train/lost/rey.jpg
lost,data/train/lost/sdr5t3.jpg
lost,data/train/lost/swa4cd53.jpg
lost,data/train/lost/w3re5.jpg
lost,data/train/lost/w4v6e.jpg
lost,data/train/lost/w54.jpg
plz,data/train/plz/20231206_114708_001.jpg
plz,data/train/plz/20231206_114708_002.jpg
plz,data/train/plz/20231206_114708_003.jpg
plz,data/train/plz/20231206_114708_004.jpg
plz,data/train/plz/20231206_114708_005.jpg
plz,data/train/plz/20231206_114708_006.jpg
plz,data/train/plz/20231206_114708_007.jpg
plz,data/train/plz/20231206_114708_008.jpg
plz,data/train/plz/20231206_114708_009.jpg
plz,data/train/plz/20231206_114708_010.jpg
plz,data/train/plz/20231206_114708_011.jpg
plz,data/train/plz/20231206_114708_012.jpg
plz,data/train/plz/20231206_114708_013.jpg
plz,data/train/plz/20231206_114708_014.jpg
plz,data/train/plz/20231206_114708_015.jpg
plz,data/train/plz/20231206_114708_016.jpg
plz,data/train/plz/20231206_114708_017.jpg
plz,data/train/plz/20231206_114708_018.jpg
plz,data/train/plz/20231206_114708_019.jpg
plz,data/train/plz/20231206_114708_020.jpg
plz,data/train/plz/20231206_114708_021.jpg
plz,data/train/plz/20231206_114708_022.jpg
plz,data/train/plz/20231206_114708_023.jpg
plz,data/train/plz/20231206_114708_024.jpg
plz,data/train/plz/20231206_114708_025.jpg
plz,data/train/plz/20231206_114708_026.jpg
plz,data/train/plz/20231206_114708_027.jpg
plz,data/train/plz/20231206_114708_028.jpg
plz,data/train/plz/20231206_114708_029.jpg
plz,data/train/plz/20231206_114708_030.jpg
plz,data/train/plz/20231206_114708_031.jpg
plz,data/train/plz/20231206_114708_032.jpg
plz,data/train/plz/20231206_114708_033.jpg
plz,data/train/plz/20231206_114708_034.jpg
plz,data/train/plz/20231206_114708_035.jpg
plz,data/train/plz/20231206_114708_036.jpg
plz,data/train/plz/20231206_114708_037.jpg
plz,data/train/plz/20231206_114708_038.jpg
plz,data/train/plz/20231206_114708_039.jpg
plz,data/train/plz/20231206_114708_040.jpg
plz,data/train/plz/20231206_114708_041.jpg
plz,data/train/plz/20231206_114708_042.jpg
plz,data/train/plz/20231206_114708_043.jpg
plz,data/train/plz/20231206_114708_044.jpg
plz,data/train/plz/20231206_114708_045.jpg
plz,data/train/plz/20231206_114708_046.jpg
plz,data/train/plz/20231206_114708_047.jpg
plz,data/train/plz/20231206_114708_048.jpg
plz,data/train/plz/20231206_114708_049.jpg
plz,data/train/plz/20231206_114708_050.jpg
plz,data/train/plz/20231206_114708_051.jpg
plz,data/train/plz/20231206_114708_052.jpg
plz,data/train/plz/20231206_114708_053.jpg
plz,data/train/plz/20231206_114708_054.jpg
plz,data/train/plz/20231206_114708_055.jpg
plz,data/train/plz/20231206_114708_056.jpg
plz,data/train/plz/20231206_114708_057.jpg
plz,data/train/plz/20231206_114708_058.jpg
plz,data/train/plz/20231206_114708_059.jpg
plz,data/train/plz/20231206_114708_060.jpg
plz,data/train/plz/20231206_114708_061.jpg
plz,data/train/plz/20231206_114708_062.jpg
plz,data/train/plz/20231206_114708_063.jpg
plz,data/train/plz/20231206_114708_064.jpg
plz,data/train/plz/20231206_114708_065.jpg
plz,data/train/plz/20231206_114708_066.jpg
plz,data/train/plz/20231206_114708_067.jpg
plz,data/train/plz/20231206_114708_068.jpg
plz,data/train/plz/20231206_114708_069.jpg
plz,data/train/plz/20231206_114708_070.jpg
plz,data/train/plz/20231206_114708_071.jpg
plz,data/train/plz/20231206_114708_072.jpg
plz,data/train/plz/20231206_114708_073.jpg
plz,data/train/plz/20231206_114708_074.jpg
plz,data/train/plz/20231206_114708_075.jpg
plz,data/train/plz/20231206_114708_076.jpg
plz,data/train/plz/20231206_114757_001.jpg
plz,data/train/plz/20231206_114757_002.jpg
plz,data/train/plz/20231206_114757_003.jpg
plz,data/train/plz/20231206_114757_004.jpg
plz,data/train/plz/20231206_114757_005.jpg
plz,data/train/plz/20231206_114757_006.jpg
plz,data/train/plz/20231206_114757_007.jpg
plz,data/train/plz/20231206_114757_008.jpg
plz,data/train/plz/20231206_114757_009.jpg
plz,data/train/plz/20231206_114757_010.jpg
plz,data/train/plz/20231206_114757_011.jpg
plz,data/train/plz/20231206_114757_012.jpg
plz,data/train/plz/20231206_114757_013.jpg
plz,data/train/plz/20231206_114757_014.jpg
plz,data/train/plz/20231206_114757_015.jpg
plz,data/train/plz/20231206_114757_016.jpg
plz,data/train/plz/20231206_114757_017.jpg
plz,data/train/plz/20231206_114757_018.jpg
plz,data/train/plz/20231206_114757_019.jpg
plz,data/train/plz/20231206_114757_020.jpg
plz,data/train/plz/20231206_114757_021.jpg
plz,data/train/plz/20231206_114757_022.jpg
plz,data/train/plz/20231206_114757_023.jpg
plz,data/train/plz/20231206_114757_024.jpg
plz,data/train/plz/20231206_114757_025.jpg
plz,data/train/plz/20231206_114757_026.jpg
plz,data/train/plz/20231206_114757_027.jpg
plz,data/train/plz/20231206_114757_028.jpg
plz,data/train/plz/20231206_114757_029.jpg
plz,data/train/plz/20231206_114757_030.jpg
plz,data/train/plz/20231206_114757_031.jpg
plz,data/train/plz/20231206_114757_032.jpg
plz,data/train/plz/20231206_114757_033.jpg
plz,data/train/plz/20231206_114757_034.jpg
plz,data/train/plz/20231206_114757_035.jpg
plz,data/train/plz/20231206_114757_036.jpg
plz,data/train/plz/20231206_114757_037.jpg
plz,data/train/plz/20231206_114757_038.jpg
plz,data/train/plz/20231206_114757_039.jpg
plz,data/train/plz/20231206_114757_040.jpg
plz,data/train/plz/20231206_114757_041.jpg
plz,data/train/plz/20231206_114757_042.jpg
plz,data/train/plz/20231206_114757_043.jpg
plz,data/train/plz/20231206_114757_044.jpg
plz,data/train/plz/20231206_114757_045.jpg
plz,data/train/plz/20231206_114757_046.jpg
plz,data/train/plz/20231206_114757_047.jpg
plz,data/train/plz/20231206_114757_048.jpg
plz,data/train/plz/20231206_114757_049.jpg
plz,data/train/plz/20231206_114757_050.jpg
plz,data/train/plz/20231206_114757_051.jpg
plz,data/train/plz/20231206_114757_052.jpg
plz,data/train/plz/20231206_114757_053.jpg
plz,data/train/plz/20231206_114757_054.jpg
plz,data/train/plz/20231206_114757_055.jpg
plz,data/train/plz/20231206_114757_056.jpg
plz,data/train/plz/20231206_115753_001.jpg
plz,data/train/plz/20231206_115753_002.jpg
plz,data/train/plz/20231206_115753_003.jpg
plz,data/train/plz/20231206_115753_004.jpg
plz,data/train/plz/20231206_115753_005.jpg
plz,data/train/plz/20231206_115753_006.jpg
plz,data/train/plz/20231206_115753_007.jpg
plz,data/train/plz/20231206_115753_008.jpg
plz,data/train/plz/20231206_115753_009.jpg
plz,data/train/plz/20231206_115753_010.jpg
plz,data/train/plz/20231206_115753_011.jpg
plz,data/train/plz/20231206_115753_012.jpg
plz,data/train/plz/20231206_115753_013.jpg
plz,data/train/plz/20231206_115753_014.jpg
plz,data/train/plz/20231206_115753_015.jpg
plz,data/train/plz/20231206_115753_016.jpg
plz,data/train/plz/20231206_115753_017.jpg
plz,data/train/plz/20231206_115753_018.jpg
plz,data/train/plz/20231206_115753_019.jpg
plz,data/train/plz/20231206_115753_020.jpg
plz,data/train/plz/20231206_115753_021.jpg
plz,data/train/plz/20231206_115753_022.jpg
plz,data/train/plz/20231206_115753_023.jpg
plz,data/train/plz/20231206_115753_024.jpg
plz,data/train/plz/20231206_115753_025.jpg
plz,data/train/plz/20231206_115753_026.jpg
plz,data/train/plz/20231206_115753_027.jpg
plz,data/train/plz/20231206_115753_028.jpg
plz,data/train/plz/20231206_115753_029.jpg
plz,data/train/plz/20231206_115753_030.jpg
report,data/train/report/20231206_114557_001.jpg
report,data/train/report/20231206_114557_002.jpg
report,data/train/report/20231206_114557_003.jpg
report,data/train/report/20231206_114557_004.jpg
report,data/train/report/20231206_114557_005.jpg
report,data/train/report/20231206_114557_006.jpg
report,data/train/report/20231206_114557_007.jpg
report,data/train/report/20231206_114557_008.jpg
report,data/train/report/20231206_114557_009.jpg
report,data/train/report/20231206_114557_010.jpg
report,data/train/report/20231206_114557_011.jpg
report,data/train/report/20231206_114557_012.jpg
report,data/train/report/20231206_114557_013.jpg
report,data/train/report/20231206_114557_014.jpg
report,data/train/report/20231206_114557_015.jpg
report,data/train/report/20231206_114557_016.jpg
report,data/train/report/20231206_114557_017.jpg
report,data/train/report/20231206_114557_018.jpg
report,data/train/report/20231206_114557_019.jpg
report,data/train/report/20231206_114557_020.jpg
report,data/train/report/20231206_114557_021.jpg
report,data/train/report/20231206_114557_022.jpg
report,data/train/report/20231206_114557_023.jpg
report,data/train/report/20231206_114557_024.jpg
report,data/train/report/20231206_114557_025.jpg
report,data/train/report/20231206_114557_026.jpg
report,data/train/report/20231206_114557_027.jpg
report,data/train/report/20231206_114557_028.jpg
report,data/train/report/20231206_114557_029.jpg
report,data/train/report/20231206_114557_030.jpg
report,data/train/report/20231206_114557_031.jpg
report,data/train/report/20231206_114557_032.jpg
report,data/train/report/20231206_114557_033.jpg
report,data/train/report/20231206_114557_034.jpg
report,data/train/report/20231206_114557_035.jpg
report,data/train/report/20231206_114557_036.jpg
report,data/train/report/20231206_114557_037.jpg
report,data/train/report/20231206_114557_038.jpg
report,data/train/report/20231206_114557_039.jpg
report,data/train/report/20231206_114557_040.jpg
report,data/train/report/20231206_114557_041.jpg
report,data/train/report/20231206_114557_042.jpg
report,data/train/report/20231206_114557_043.jpg
report,data/train/report/20231206_114557_044.jpg
report,data/train/report/20231206_114557_045.jpg
report,data/train/report/20231206_114557_046.jpg
report,data/train/report/20231206_114557_047.jpg
report,data/train/report/20231206_114557_048.jpg
report,data/train/report/20231206_114557_049.jpg
report,data/train/report/20231206_114557_050.jpg
report,data/train/report/20231206_114557_051.jpg
report,data/train/report/20231206_114557_052.jpg
report,data/train/report/20231206_114557_053.jpg
report,data/train/report/20231206_114557_054.jpg
report,data/train/report/20231206_114557_055.jpg
report,data/train/report/20231206_114557_056.jpg
report,data/train/report/20231206_114557_057.jpg
report,data/train/report/20231206_114557_058.jpg
report,data/train/report/20231206_114557_059.jpg
report,data/train/report/20231206_114557_060.jpg
report,data/train/report/20231206_114557_061.jpg
report,data/train/report/20231206_114557_062.jpg
report,data/train/report/20231206_114557_063.jpg
report,data/train/report/20231206_114557_064.jpg
report,data/train/report/20231206_114612_001.jpg
report,data/train/report/20231206_114612_002.jpg
report,data/train/report/20231206_114612_003.jpg
report,data/train/report/20231206_114612_004.jpg
report,data/train/report/20231206_114612_005.jpg
report,data/train/report/20231206_114612_006.jpg
report,data/train/report/20231206_114612_007.jpg
report,data/train/report/20231206_114612_008.jpg
report,data/train/report/20231206_114612_009.jpg
report,data/train/report/20231206_114612_010.jpg
report,data/train/report/20231206_114612_011.jpg
report,data/train/report/20231206_114612_012.jpg
report,data/train/report/20231206_114612_013.jpg
report,data/train/report/20231206_114612_014.jpg
report,data/train/report/20231206_114612_015.jpg
report,data/train/report/20231206_114612_016.jpg
report,data/train/report/20231206_114612_017.jpg
report,data/train/report/20231206_114612_018.jpg
report,data/train/report/20231206_114612_019.jpg
report,data/train/report/20231206_114612_020.jpg
report,data/train/report/20231206_114612_021.jpg
report,data/train/report/20231206_114612_022.jpg
report,data/train/report/20231206_114612_023.jpg
report,data/train/report/20231206_114612_024.jpg
report,data/train/report/20231206_114612_025.jpg
report,data/train/report/20231206_114612_026.jpg
report,data/train/report/20231206_114612_027.jpg
report,data/train/report/20231206_114612_028.jpg
report,data/train/report/20231206_114612_029.jpg
report,data/train/report/20231206_114612_030.jpg
report,data/train/report/20231206_114612_031.jpg
report,data/train/report/20231206_114612_032.jpg
report,data/train/report/20231206_114612_033.jpg
report,data/train/report/20231206_114612_034.jpg
report,data/train/report/20231206_114612_035.jpg
report,data/train/report/20231206_114612_036.jpg
report,data/train/report/20231206_114612_037.jpg
report,data/train/report/20231206_114612_038.jpg
report,data/train/report/20231206_114612_039.jpg
report,data/train/report/20231206_115720_001.jpg
report,data/train/report/20231206_115720_002.jpg
report,data/train/report/20231206_115720_003.jpg
report,data/train/report/20231206_115720_004.jpg
report,data/train/report/20231206_115720_005.jpg
report,data/train/report/20231206_115720_006.jpg
report,data/train/report/20231206_115720_007.jpg
report,data/train/report/20231206_115720_008.jpg
report,data/train/report/20231206_115720_009.jpg
report,data/train/report/20231206_115720_010.jpg
report,data/train/report/20231206_115720_011.jpg
report,data/train/report/20231206_115720_012.jpg
report,data/train/report/20231206_115720_013.jpg
report,data/train/report/20231206_115720_014.jpg
report,data/train/report/20231206_115720_015.jpg
report,data/train/report/20231206_115720_016.jpg
report,data/train/report/20231206_115720_017.jpg
report,data/train/report/20231206_115720_018.jpg
report,data/train/report/20231206_115720_019.jpg
report,data/train/report/20231206_115720_020.jpg
report,data/train/report/20231206_115720_021.jpg
report,data/train/report/20231206_115720_022.jpg
report,data/train/report/20231206_115720_023.jpg
report,data/train/report/20231206_115720_024.jpg
report,data/train/report/20231206_115720_025.jpg
report,data/train/report/20231206_115720_026.jpg
report,data/train/report/20231206_115720_027.jpg
report,data/train/report/20231206_115720_028.jpg
report,data/train/report/20231206_115720_029.jpg
report,data/train/report/20231206_115720_030.jpg
report,data/train/report/20231206_115720_031.jpg
report,data/train/report/20231206_115720_032.jpg
report,data/train/report/20231206_115720_033.jpg
report,data/train/report/20231206_115720_034.jpg
report,data/train/report/20231206_115720_035.jpg
report,data/train/report/20231206_115720_036.jpg
report,data/train/report/20231206_115720_037.jpg
report,data/train/report/20231206_115720_038.jpg
report,data/train/report/20231206_115720_039.jpg
report,data/train/report/20231206_115720_040.jpg
report,data/train/report/20231206_115720_041.jpg
report,data/train/report/20231206_115720_042.jpg
report,data/train/report/20231206_115720_043.jpg
report,data/train/report/20231206_115720_044.jpg
report,data/train/report/20231206_115720_045.jpg
report,data/train/report/20231206_115720_046.jpg
report,data/train/report/20231206_115720_047.jpg
report,data/train/report/20231206_115720_048.jpg
report,data/train/report/20231206_115720_049.jpg
report,data/train/report/20231206_115720_050.jpg
report,data/train/report/20231206_115720_051.jpg
report,data/train/report/20231206_115720_052.jpg
report,data/train/report/20231206_115720_053.jpg
report,data/train/report/20231206_115720_054.jpg
report,data/train/report/20231206_115720_055.jpg
report,data/train/report/20231206_115720_056.jpg
report,data/train/report/20231206_115720_057.jpg
report,data/train/report/20231206_115720_058.jpg
report,data/train/report/20231206_115720_059.jpg
report,data/train/report/20231206_115720_060.jpg
report,data/train/report/20231206_115720_061.jpg
report,data/train/report/20231206_115720_062.jpg
report,data/train/report/20231206_115720_063.jpg
report,data/train/report/20231206_115720_064.jpg
sick,data/train/sick/1s1s.jpg
sick,data/train/sick/1XQ2.jpg
sick,data/train/sick/20231206_115213_001.jpg
sick,data/train/sick/20231206_115213_002.jpg
sick,data/train/sick/20231206_115213_003.jpg
sick,data/train/sick/20231206_115213_004.jpg
sick,data/train/sick/20231206_115213_005.jpg
sick,data/train/sick/20231206_115213_006.jpg
sick,data/train/sick/20231206_115213_007.jpg
sick,data/train/sick/20231206_115213_008.jpg
sick,data/train/sick/20231206_115213_009.jpg
sick,data/train/sick/20231206_115213_010.jpg
sick,data/train/sick/20231206_115213_011.jpg
sick,data/train/sick/20231206_115213_012.jpg
sick,data/train/sick/20231206_115213_013.jpg
sick,data/train/sick/20231206_115213_014.jpg
sick,data/train/sick/20231206_115213_015.jpg
sick,data/train/sick/20231206_115213_016.jpg
sick,data/train/sick/20231206_115213_017.jpg
sick,data/train/sick/20231206_115213_018.jpg
sick,data/train/sick/20231206_115213_019.jpg
sick,data/train/sick/20231206_115213_020.jpg
sick,data/train/sick/20231206_115213_021.jpg
sick,data/train/sick/20231206_115213_022.jpg
sick,data/train/sick/20231206_115213_023.jpg
sick,data/train/sick/20231206_115213_024.jpg
sick,data/train/sick/20231206_115213_025.jpg
sick,data/train/sick/20231206_115213_026.jpg
sick,data/train/sick/20231206_115213_027.jpg
sick,data/train/sick/20231206_115213_028.jpg
sick,data/train/sick/20231206_115213_029.jpg
sick,data/train/sick/20231206_115213_030.jpg
sick,data/train/sick/20231206_115213_031.jpg
sick,data/train/sick/20231206_115213_032.jpg
sick,data/train/sick/20231206_115213_033.jpg
sick,data/train/sick/20231206_115213_034.jpg
sick,data/train/sick/20231206_115213_035.jpg
sick,data/train/sick/20231206_115213_036.jpg
sick,data/train/sick/20231206_115213_037.jpg
sick,data/train/sick/20231206_115213_038.jpg
sick,data/train/sick/20231206_115213_039.jpg
sick,data/train/sick/20231206_115213_040.jpg
sick,data/train/sick/20231206_115213_041.jpg
sick,data/train/sick/20231206_115213_042.jpg
sick,data/train/sick/20231206_115213_043.jpg
sick,data/train/sick/20231206_115213_044.jpg
sick,data/train/sick/20231206_115213_045.jpg
sick,data/train/sick/20231206_115213_046.jpg
sick,data/train/sick/20231206_115213_047.jpg
sick,data/train/sick/20231206_115213_048.jpg
sick,data/train/sick/20231206_115213_049.jpg
sick,data/train/sick/20231206_115213_050.jpg
sick,data/train/sick/20231206_115213_051.jpg
sick,data/train/sick/20231206_115213_052.jpg
sick,data/train/sick/20231206_115213_053.jpg
sick,data/train/sick/20231206_115213_054.jpg
sick,data/train/sick/20231206_115213_055.jpg
sick,data/train/sick/20231206_115213_056.jpg
sick,data/train/sick/20231206_115213_057.jpg
sick,data/train/sick/20231206_115213_058.jpg
sick,data/train/sick/20231206_115213_059.jpg
sick,data/train/sick/20231206_115213_060.jpg
sick,data/train/sick/20231206_115213_061.jpg
sick,data/train/sick/20231206_115213_062.jpg
sick,data/train/sick/20231206_115213_063.jpg
sick,data/train/sick/20231206_115213_064.jpg
sick,data/train/sick/20231206_115213_065.jpg
sick,data/train/sick/20231206_115213_066.jpg
sick,data/train/sick/20231206_115213_067.jpg
sick,data/train/sick/20231206_115213_068.jpg
sick,data/train/sick/20231206_115213_069.jpg
sick,data/train/sick/20231206_115223_001.jpg
sick,data/train/sick/20231206_115223_002.jpg
sick,data/train/sick/20231206_115223_003.jpg
sick,data/train/sick/20231206_115223_004.jpg
sick,data/train/sick/20231206_115223_005.jpg
sick,data/train/sick/20231206_115223_006.jpg
sick,data/train/sick/20231206_115223_007.jpg
sick,data/train/sick/20231206_115223_008.jpg
sick,data/train/sick/20231206_115223_009.jpg
sick,data/train/sick/20231206_115223_010.jpg
sick,data/train/sick/20231206_115223_011.jpg
sick,data/train/sick/20231206_115223_012.jpg
sick,data/train/sick/20231206_115223_013.jpg
sick,data/train/sick/20231206_115223_014.jpg
sick,data/train/sick/20231206_115223_015.jpg
sick,data/train/sick/20231206_115223_016.jpg
sick,data/train/sick/20231206_115223_017.jpg
sick,data/train/sick/20231206_115223_018.jpg
sick,data/train/sick/20231206_115223_019.jpg
sick,data/train/sick/20231206_115223_020.jpg
sick,data/train/sick/20231206_115223_021.jpg
sick,data/train/sick/20231206_115223_022.jpg
sick,data/train/sick/20231206_115223_023.jpg
sick,data/train/sick/20231206_115223_024.jpg
sick,data/train/sick/20231206_115223_025.jpg
sick,data/train/sick/20231206_115223_026.jpg
sick,data/train/sick/20231206_115223_027.jpg
sick,data/train/sick/20231206_115223_028.jpg
sick,data/train/sick/20231206_115223_029.jpg
sick,data/train/sick/20231206_115223_030.jpg
sick,data/train/sick/20231206_115223_031.jpg
sick,data/train/sick/20231206_115223_032.jpg
sick,data/train/sick/20231206_115223_033.jpg
sick,data/train/sick/20231206_115223_034.jpg
sick,data/train/sick/20231206_115223_035.jpg
sick,data/train/sick/20231206_115223_036.jpg
sick,data/train/sick/20231206_115223_037.jpg
sick,data/train/sick/20231206_115223_038.jpg
sick,data/train/sick/20231206_115223_039.jpg
sick,data/train/sick/20231206_115223_040.jpg
sick,data/train/sick/20231206_115223_041.jpg
sick,data/train/sick/20231206_115223_042.jpg
sick,data/train/sick/20231206_115223_043.jpg
sick,data/train/sick/20231206_115223_044.jpg
sick,data/train/sick/20231206_115223_045.jpg
sick,data/train/sick/20231206_115223_046.jpg
sick,data/train/sick/20231206_115223_047.jpg
sick,data/train/sick/20231206_115223_048.jpg
sick,data/train/sick/20231206_115223_049.jpg
sick,data/train/sick/20231206_115223_050.jpg
sick,data/train/sick/20231206_115223_051.jpg
sick,data/train/sick/20231206_115223_052.jpg
sick,data/train/sick/20231206_115223_053.jpg
sick,data/train/sick/20231206_115223_054.jpg
sick,data/train/sick/20231206_115223_055.jpg
sick,data/train/sick/20231206_115223_056.jpg
sick,data/train/sick/20231206_115223_057.jpg
sick,data/train/sick/20231206_115223_058.jpg
sick,data/train/sick/20231206_115223_059.jpg
sick,data/train/sick/20231206_115223_060.jpg
sick,data/train/sick/20231206_115223_061.jpg
sick,data/train/sick/20231206_115223_062.jpg
sick,data/train/sick/20231206_115223_063.jpg
sick,data/train/sick/20231206_115223_064.jpg
sick,data/train/sick/20231206_115223_065.jpg
sick,data/train/sick/20231206_115223_066.jpg
sick,data/train/sick/20231206_115223_067.jpg
sick,data/train/sick/2x34r.jpg
sick,data/train/sick/2Z3X5 R.jpg
sick,data/train/sick/3124iu.jpg
sick,data/train/sick/32.jpg
sick,data/train/sick/3qac324.jpg
sick,data/train/sick/53.jpg
sick,data/train/sick/8IOYLK.jpg
sick,data/train/sick/8LGHLK.jpg
sick,data/train/sick/BHRDO32I.jpg
sick,data/train/sick/F7UIKYGJH.jpg
sick,data/train/sick/FI7U.jpg
sick,data/train/sick/FKUYJ7YF.jpg
sick,data/train/sick/FU7KGJH.jpg
sick,data/train/sick/g78o.jpg
sick,data/train/sick/I8TGKGJ.jpg
sick,data/train/sick/ir3QX.jpg
sick,data/train/sick/Q.jpg
sick,data/train/sick/Q213XSZ4.jpg
sick,data/train/sick/Q23874T.jpg
sick,data/train/sick/q2awx3erq23.jpg
sick,data/train/sick/QX234.jpg
sick,data/train/sick/QX872X34.jpg
sick,data/train/sick/QXF427G8.jpg
sick,data/train/sick/U6KYFJ.jpg
sick,data/train/sick/x3rq23.jpg
sick,data/train/sick/YUFKJH.jpg
toilet,data/train/toilet/20231206_115307_001.jpg
toilet,data/train/toilet/20231206_115307_002.jpg
toilet,data/train/toilet/20231206_115307_003.jpg
toilet,data/train/toilet/20231206_115307_004.jpg
toilet,data/train/toilet/20231206_115307_005.jpg
toilet,data/train/toilet/20231206_115307_006.jpg
toilet,data/train/toilet/20231206_115307_007.jpg
toilet,data/train/toilet/20231206_115307_008.jpg
toilet,data/train/toilet/20231206_115307_009.jpg
toilet,data/train/toilet/20231206_115307_010.jpg
toilet,data/train/toilet/20231206_115307_011.jpg
toilet,data/train/toilet/20231206_115307_012.jpg
toilet,data/train/toilet/20231206_115307_013.jpg
toilet,data/train/toilet/20231206_115307_014.jpg
toilet,data/train/toilet/20231206_115307_015.jpg
toilet,data/train/toilet/20231206_115307_016.jpg
toilet,data/train/toilet/20231206_115307_017.jpg
toilet,data/train/toilet/20231206_115307_018.jpg
toilet,data/train/toilet/20231206_115307_019.jpg
toilet,data/train/toilet/20231206_115307_020.jpg
toilet,data/train/toilet/20231206_115307_021.jpg
toilet,data/train/toilet/20231206_115307_022.jpg
toilet,data/train/toilet/20231206_115307_023.jpg
toilet,data/train/toilet/20231206_115307_024.jpg
toilet,data/train/toilet/20231206_115307_025.jpg
toilet,data/train/toilet/20231206_115307_026.jpg
toilet,data/train/toilet/20231206_115307_027.jpg
toilet,data/train/toilet/20231206_115307_028.jpg
toilet,data/train/toilet/20231206_115307_029.jpg
toilet,data/train/toilet/20231206_115307_030.jpg
toilet,data/train/toilet/20231206_115307_031.jpg
toilet,data/train/toilet/20231206_115307_032.jpg
toilet,data/train/toilet/20231206_115307_033.jpg
toilet,data/train/toilet/20231206_115307_034.jpg
toilet,data/train/toilet/20231206_115307_035.jpg
toilet,data/train/toilet/20231206_115307_036.jpg
toilet,data/train/toilet/20231206_115307_037.jpg
toilet,data/train/toilet/20231206_115307_038.jpg
toilet,data/train/toilet/20231206_115307_039.jpg
toilet,data/train/toilet/20231206_115307_040.jpg
toilet,data/train/toilet/20231206_115307_041.jpg
toilet,data/train/toilet/20231206_115307_042.jpg
toilet,data/train/toilet/20231206_115307_043.jpg
toilet,data/train/toilet/20231206_115307_044.jpg
toilet,data/train/toilet/20231206_115307_045.jpg
toilet,data/train/toilet/20231206_115307_046.jpg
toilet,data/train/toilet/20231206_115307_047.jpg
toilet,data/train/toilet/20231206_115307_048.jpg
toilet,data/train/toilet/20231206_115307_049.jpg
toilet,data/train/toilet/20231206_115307_050.jpg
toilet,data/train/toilet/20231206_115307_051.jpg
toilet,data/train/toilet/20231206_115307_052.jpg
toilet,data/train/toilet/20231206_115307_053.jpg
toilet,data/train/toilet/20231206_115307_054.jpg
toilet,data/train/toilet/20231206_115307_055.jpg
toilet,data/train/toilet/20231206_115307_056.jpg
toilet,data/train/toilet/20231206_115307_057.jpg
toilet,data/train/toilet/20231206_115307_058.jpg
toilet,data/train/toilet/20231206_115307_059.jpg
toilet,data/train/toilet/20231206_115307_060.jpg
toilet,data/train/toilet/20231206_115307_061.jpg
toilet,data/train/toilet/20231206_115307_062.jpg
toilet,data/train/toilet/20231206_115307_063.jpg
toilet,data/train/toilet/20231206_115307_064.jpg
toilet,data/train/toilet/20231206_115307_065.jpg
toilet,data/train/toilet/20231206_115307_066.jpg
toilet,data/train/toilet/20231206_115307_067.jpg
toilet,data/train/toilet/20231206_115307_068.jpg
toilet,data/train/toilet/20231206_115322_001.jpg
toilet,data/train/toilet/20231206_115322_002.jpg
toilet,data/train/toilet/20231206_115322_003.jpg
toilet,data/train/toilet/20231206_115322_004.jpg
toilet,data/train/toilet/20231206_115322_005.jpg
toilet,data/train/toilet/20231206_115322_006.jpg
toilet,data/train/toilet/20231206_115322_007.jpg
toilet,data/train/toilet/20231206_115322_008.jpg
toilet,data/train/toilet/20231206_115322_009.jpg
toilet,data/train/toilet/20231206_115322_010.jpg
toilet,data/train/toilet/20231206_115322_011.jpg
toilet,data/train/toilet/20231206_115322_012.jpg
toilet,data/train/toilet/20231206_115322_013.jpg
toilet,data/train/toilet/20231206_115322_014.jpg
toilet,data/train/toilet/20231206_115322_015.jpg
toilet,data/train/toilet/20231206_115322_016.jpg
toilet,data/train/toilet/20231206_115322_017.jpg
toilet,data/train/toilet/20231206_115322_018.jpg
toilet,data/train/toilet/20231206_115322_019.jpg
toilet,data/train/toilet/20231206_115322_020.jpg
toilet,data/train/toilet/20231206_115322_021.jpg
toilet,data/train/toilet/20231206_115322_022.jpg
toilet,data/train/toilet/20231206_115322_023.jpg
toilet,data/train/toilet/20231206_115322_024.jpg
toilet,data/train/toilet/20231206_115322_025.jpg
toilet,data/train/toilet/20231206_115322_026.jpg
toilet,data/train/toilet/20231206_115322_027.jpg
toilet,data/train/toilet/20231206_115322_028.jpg
toilet,data/train/toilet/20231206_115322_029.jpg
toilet,data/train/toilet/20231206_115322_030.jpg
toilet,data/train/toilet/20231206_115322_031.jpg
toilet,data/train/toilet/20231206_115322_032.jpg
toilet,data/train/toilet/20231206_115322_033.jpg
toilet,data/train/toilet/20231206_115322_034.jpg
toilet,data/train/toilet/20231206_115322_035.jpg
toilet,data/train/toilet/20231206_115322_036.jpg
toilet,data/train/toilet/20231206_115322_037.jpg
toilet,data/train/toilet/20231206_115322_038.jpg
toilet,data/train/toilet/20231206_115322_039.jpg
toilet,data/train/toilet/20231206_115322_040.jpg
toilet,data/train/toilet/20231206_115322_041.jpg
toilet,data/train/toilet/20231206_115322_042.jpg
toilet,data/train/toilet/20231206_115322_043.jpg
toilet,data/train/toilet/20231206_115322_044.jpg
toilet,data/train/toilet/20231206_115322_045.jpg
toilet,data/train/toilet/20231206_115322_046.jpg
toilet,data/train/toilet/20231206_115322_047.jpg
toilet,data/train/toilet/20231206_115322_048.jpg
toilet,data/train/toilet/20231206_115322_049.jpg
toilet,data/train/toilet/20231206_115322_050.jpg
toilet,data/train/toilet/20231206_115322_051.jpg
toilet,data/train/toilet/20231206_115322_052.jpg
toilet,data/train/toilet/20231206_115322_053.jpg
toilet,data/train/toilet/20231206_115322_054.jpg
toilet,data/train/toilet/20231206_115322_055.jpg
toilet,data/train/toilet/20231206_115322_056.jpg
toilet,data/train/toilet/20231206_115322_057.jpg
toilet,data/train/toilet/20231206_115322_058.jpg
toilet,data/train/toilet/20231206_115322_059.jpg
toilet,data/train/toilet/20231206_115322_060.jpg
toilet,data/train/toilet/20231206_115322_061.jpg
toilet,data/train/toilet/20231206_115322_062.jpg
toilet,data/train/toilet/20231206_115322_063.jpg
toilet,data/train/toilet/20231206_115322_064.jpg
toilet,data/train/toilet/20231206_115322_065.jpg
toilet,data/train/toilet/20231206_115322_066.jpg
toilet,data/train/toilet/20231206_115322_067.jpg
toilet,data/train/toilet/20231206_115322_068.jpg
toilet,data/train/toilet/20231206_115322_069.jpg
toilet,data/train/toilet/20231206_115322_070.jpg
toilet,data/train/toilet/20231206_115322_071.jpg
toilet,data/train/toilet/20231206_115322_072.jpg
toilet,data/train/toilet/20231206_115322_073.jpg
toilet,data/train/toilet/20231206_115322_074.jpg
toilet,data/train/toilet/20231206_115322_075.jpg
toilet,data/train/toilet/20231206_115322_076.jpg
toilet,data/train/toilet/20231206_115322_077.jpg
toilet,data/train/toilet/20231206_115322_078.jpg
toilet,data/train/toilet/253q4t.jpg
toilet,data/train/toilet/265c4q3.jpg
toilet,data/train/toilet/2x4q.jpg
toilet,data/train/toilet/4523w.jpg
toilet,data/train/toilet/653h.jpg
toilet,data/train/toilet/8YGHOLK.jpg
toilet,data/train/toilet/cq4532.jpg
toilet,data/train/toilet/geas.jpg
toilet,data/train/toilet/ion71x4q.jpg
toilet,data/train/toilet/IU7KGVKL.jpg
toilet,data/train/toilet/q24x.jpg
toilet,data/train/toilet/q24z.jpg
toilet,data/train/toilet/q2x3wq34c.jpg
toilet,data/train/toilet/q3g5.jpg
toilet,data/train/toilet/q42z.jpg
toilet,data/train/toilet/q43.jpg
toilet,data/train/toilet/q4c3.jpg
toilet,data/train/toilet/q4ctr2.jpg
toilet,data/train/toilet/q4x.jpg
toilet,data/train/toilet/qx2.jpg
toilet,data/train/toilet/w 3e.jpg
toilet,data/train/toilet/wh4.jpg
toilet,data/train/toilet/xa3RX3.jpg
toilet,data/train/toilet/z.jpg
wallet,data/train/wallet/20231206_114913_001.jpg
wallet,data/train/wallet/20231206_114913_002.jpg
wallet,data/train/wallet/20231206_114913_003.jpg
wallet,data/train/wallet/20231206_114913_004.jpg
wallet,data/train/wallet/20231206_114913_005.jpg
wallet,data/train/wallet/20231206_114913_006.jpg
wallet,data/train/wallet/20231206_114913_007.jpg
wallet,data/train/wallet/20231206_114913_008.jpg
wallet,data/train/wallet/20231206_114913_009.jpg
wallet,data/train/wallet/20231206_114913_010.jpg
wallet,data/train/wallet/20231206_114913_011.jpg
wallet,data/train/wallet/20231206_114913_012.jpg
wallet,data/train/wallet/20231206_114913_013.jpg
wallet,data/train/wallet/20231206_114913_014.jpg
wallet,data/train/wallet/20231206_114913_015.jpg
wallet,data/train/wallet/20231206_114913_016.jpg
wallet,data/train/wallet/20231206_114913_017.jpg
wallet,data/train/wallet/20231206_114913_018.jpg
wallet,data/train/wallet/20231206_114913_019.jpg
wallet,data/train/wallet/20231206_114913_020.jpg
wallet,data/train/wallet/20231206_114913_021.jpg
wallet,data/train/wallet/20231206_114913_022.jpg
wallet,data/train/wallet/20231206_114913_023.jpg
wallet,data/train/wallet/20231206_114913_024.jpg
wallet,data/train/wallet/20231206_114913_025.jpg
wallet,data/train/wallet/20231206_114913_026.jpg
wallet,data/train/wallet/20231206_114913_027.jpg
wallet,data/train/wallet/20231206_114913_028.jpg
wallet,data/train/wallet/20231206_114913_029.jpg
wallet,data/train/wallet/20231206_114913_030.jpg
wallet,data/train/wallet/20231206_114913_031.jpg
wallet,data/train/wallet/20231206_114913_032.jpg
wallet,data/train/wallet/20231206_114913_033.jpg
wallet,data/train/wallet/20231206_114913_034.jpg
wallet,data/train/wallet/20231206_114913_035.jpg
wallet,data/train/wallet/20231206_114913_036.jpg
wallet,data/train/wallet/20231206_114913_037.jpg
wallet,data/train/wallet/20231206_114913_038.jpg
wallet,data/train/wallet/20231206_114913_039.jpg
wallet,data/train/wallet/20231206_114913_040.jpg
wallet,data/train/wallet/20231206_114913_041.jpg
wallet,data/train/wallet/20231206_114913_042.jpg
wallet,data/train/wallet/20231206_114913_043.jpg
wallet,data/train/wallet/20231206_114913_044.jpg
wallet,data/train/wallet/20231206_114913_045.jpg
wallet,data/train/wallet/20231206_114913_046.jpg
wallet,data/train/wallet/20231206_114913_047.jpg
wallet,data/train/wallet/20231206_114913_048.jpg
wallet,data/train/wallet/20231206_114913_049.jpg
wallet,data/train/wallet/20231206_114913_050.jpg
wallet,data/train/wallet/20231206_114913_051.jpg
wallet,data/train/wallet/20231206_114913_052.jpg
wallet,data/train/wallet/20231206_114913_053.jpg
wallet,data/train/wallet/20231206_114913_054.jpg
wallet,data/train/wallet/20231206_114913_055.jpg
wallet,data/train/wallet/20231206_114913_056.jpg
wallet,data/train/wallet/20231206_114913_057.jpg
wallet,data/train/wallet/20231206_114913_058.jpg
wallet,data/train/wallet/20231206_114913_059.jpg
wallet,data/train/wallet/20231206_114913_060.jpg
wallet,data/train/wallet/20231206_114930_001.jpg
wallet,data/train/wallet/20231206_114930_002.jpg
wallet,data/train/wallet/20231206_114930_003.jpg
wallet,data/train/wallet/20231206_114930_004.jpg
wallet,data/train/wallet/20231206_114930_005.jpg
wallet,data/train/wallet/20231206_114930_006.jpg
wallet,data/train/wallet/20231206_114930_007.jpg
wallet,data/train/wallet/20231206_114930_008.jpg
wallet,data/train/wallet/20231206_114930_009.jpg
wallet,data/train/wallet/20231206_114930_010.jpg
wallet,data/train/wallet/20231206_114930_011.jpg
wallet,data/train/wallet/20231206_114930_012.jpg
wallet,data/train/wallet/20231206_114930_013.jpg
wallet,data/train/wallet/20231206_114930_014.jpg
wallet,data/train/wallet/20231206_114930_015.jpg
wallet,data/train/wallet/20231206_114930_016.jpg
wallet,data/train/wallet/20231206_114930_017.jpg
wallet,data/train/wallet/20231206_114930_018.jpg
wallet,data/train/wallet/20231206_114930_019.jpg
wallet,data/train/wallet/20231206_114930_020.jpg
wallet,data/train/wallet/20231206_114930_021.jpg
wallet,data/train/wallet/20231206_114930_022.jpg
wallet,data/train/wallet/20231206_114930_023.jpg
wallet,data/train/wallet/20231206_114930_024.jpg
wallet,data/train/wallet/20231206_114930_025.jpg
wallet,data/train/wallet/20231206_114930_026.jpg
wallet,data/train/wallet/20231206_114930_027.jpg
wallet,data/train/wallet/20231206_114930_028.jpg
wallet,data/train/wallet/20231206_114930_029.jpg
wallet,data/train/wallet/20231206_114930_030.jpg
wallet,data/train/wallet/20231206_114930_031.jpg
wallet,data/train/wallet/20231206_114930_032.jpg
wallet,data/train/wallet/20231206_114930_033.jpg
wallet,data/train/wallet/20231206_114930_034.jpg
wallet,data/train/wallet/20231206_114930_035.jpg
wallet,data/train/wallet/20231206_114930_036.jpg
wallet,data/train/wallet/20231206_114930_037.jpg
wallet,data/train/wallet/20231206_114930_038.jpg
wallet,data/train/wallet/20231206_114930_039.jpg
wallet,data/train/wallet/20231206_114930_040.jpg
wallet,data/train/wallet/20231206_114930_041.jpg
wallet,data/train/wallet/20231206_114930_042.jpg
wallet,data/train/wallet/20231206_114930_043.jpg
wallet,data/train/wallet/20231206_114930_044.jpg
wallet,data/train/wallet/20231206_114930_045.jpg
wallet,data/train/wallet/20231206_114930_046.jpg
wallet,data/train/wallet/20231206_114930_047.jpg
wallet,data/train/wallet/20231206_114953_001.jpg
wallet,data/train/wallet/20231206_114953_002.jpg
wallet,data/train/wallet/20231206_114953_003.jpg
wallet,data/train/wallet/20231206_114953_004.jpg
wallet,data/train/wallet/20231206_114953_005.jpg
wallet,data/train/wallet/20231206_114953_006.jpg
wallet,data/train/wallet/20231206_114953_007.jpg
wallet,data/train/wallet/20231206_114953_008.jpg
wallet,data/train/wallet/20231206_114953_009.jpg
wallet,data/train/wallet/20231206_114953_010.jpg
wallet,data/train/wallet/20231206_114953_011.jpg
wallet,data/train/wallet/20231206_114953_012.jpg
wallet,data/train/wallet/20231206_114953_013.jpg
wallet,data/train/wallet/20231206_114953_014.jpg
wallet,data/train/wallet/20231206_114953_015.jpg
wallet,data/train/wallet/20231206_114953_016.jpg
wallet,data/train/wallet/20231206_114953_017.jpg
wallet,data/train/wallet/20231206_114953_018.jpg
wallet,data/train/wallet/20231206_114953_019.jpg
wallet,data/train/wallet/20231206_114953_020.jpg
wallet,data/train/wallet/20231206_114953_021.jpg
wallet,data/train/wallet/67RTYJHYF.jpg
wallet,data/train/wallet/78IOGKJ.jpg
wallet,data/train/wallet/78IUYFVJKH.jpg
wallet,data/train/wallet/78OTGKJUHVGJKHGVKL.jpg
wallet,data/train/wallet/78THJGKJH.jpg
wallet,data/train/wallet/7I86FUYGFVKJH.jpg
wallet,data/train/wallet/7I8OKJH.jpg
wallet,data/train/wallet/7I8RUKYJGKJ.jpg
wallet,data/train/wallet/7I8TGK.jpg
wallet,data/train/wallet/7I8TJHK.jpg
wallet,data/train/wallet/7IJKFGJH.jpg
wallet,data/train/wallet/7IKGFJK.jpg
wallet,data/train/wallet/7IKJUH.jpg
wallet,data/train/wallet/7ITJH.jpg
wallet,data/train/wallet/7TGIKJGB.jpg
wallet,data/train/wallet/7UFJHM.jpg
wallet,data/train/wallet/7UIKFKIJUYGJ.jpg
wallet,data/train/wallet/87OTUYGKJ.jpg
wallet,data/train/wallet/89OIKLU.jpg
wallet,data/train/wallet/8O9YKL.jpg
wallet,data/train/wallet/FGXHYGTEUY5.jpg
wallet,data/train/wallet/FIU76F.jpg
wallet,data/train/wallet/GZREF3.jpg
wallet,data/train/wallet/I7TGF.jpg
wallet,data/train/wallet/I876RFTUYFVKJ.jpg
wallet,data/train/wallet/I87KTGJKG.jpg
wallet,data/train/wallet/I87TGIKUJG.jpg
wallet,data/train/wallet/I8LGKJHVGK.jpg
wallet,data/train/wallet/IKLHUP9O.jpg
wallet,data/train/wallet/JUIKYFKUI7.jpg
wallet,data/train/wallet/KJYGFVI78G.jpg
wallet,"data/train/wallet/OL8YHK,.jpg"
wallet,data/train/wallet/U7IFGKJH.jpg
wallet,data/train/wallet/U7ITJHGKJ.jpg
wallet,data/train/wallet/UI7FJKH.jpg
wallet,data/train/wallet/UK7RFHGMN.jpg
wallet,data/train/wallet/UYKJFKUJ.jpg
where,data/train/where/20231206_115400_001.jpg
where,data/train/where/20231206_115400_002.jpg
where,data/train/where/20231206_115400_003.jpg
where,data/train/where/20231206_115400_004.jpg
where,data/train/where/20231206_115400_005.jpg
where,data/train/where/20231206_115400_006.jpg
where,data/train/where/20231206_115400_007.jpg
where,data/train/where/20231206_115400_008.jpg
where,data/train/where/20231206_115400_009.jpg
where,data/train/where/20231206_115400_010.jpg
where,data/train/where/20231206_115400_011.jpg
where,data/train/where/20231206_115400_012.jpg
where,data/train/where/20231206_115400_013.jpg
where,data/train/where/20231206_115400_014.jpg
where,data/train/where/20231206_115400_015.jpg
where,data/train/where/20231206_115400_016.jpg
where,data/train/where/20231206_115400_017.jpg
where,data/train/where/20231206_115400_018.jpg
where,data/train/where/20231206_115400_019.jpg
where,data/train/where/20231206_115400_020.jpg
where,data/train/where/20231206_115400_021.jpg
where,data/train/where/20231206_115400_022.jpg
where,data/train/where/20231206_115400_023.jpg
where,data/train/where/20231206_115400_024.jpg
where,data/train/where/20231206_115400_025.jpg
where,data/train/where/20231206_115400_026.jpg
where,data/train/where/20231206_115400_027.jpg
where,data/train/where/20231206_115400_028.jpg
where,data/train/where/20231206_115400_029.jpg
where,data/train/where/20231206_115400_030.jpg
where,data/train/where/20231206_115400_031.jpg
where,data/train/where/20231206_115400_032.jpg
where,data/train/where/20231206_115400_033.jpg
where,data/train/where/20231206_115400_034.jpg
where,data/train/where/20231206_115400_035.jpg
where,data/train/where/20231206_115400_036.jpg
where,data/train/where/20231206_115400_037.jpg
where,data/train/where/20231206_115400_038.jpg
where,data/train/where/20231206_115400_039.jpg
where,data/train/where/20231206_115400_040.jpg
where,data/train/where/20231206_115400_041.jpg
where,data/train/where/20231206_115400_042.jpg
where,data/train/where/20231206_115400_043.jpg
where,data/train/where/20231206_115400_044.jpg
where,data/train/where/20231206_115400_045.jpg
where,data/train/where/20231206_115400_046.jpg
where,data/train/where/20231206_115400_047.jpg
where,data/train/where/20231206_115400_048.jpg
where,data/train/where/20231206_115400_049.jpg
where,data/train/where/20231206_115400_050.jpg
where,data/train/where/20231206_115400_051.jpg
where,data/train/where/20231206_115400_052.jpg
where,data/train/where/20231206_115400_053.jpg
where,data/train/where/20231206_115400_054.jpg
where,data/train/where/20231206_115400_055.jpg
where,data/train/where/20231206_115400_056.jpg
where,data/train/where/20231206_115400_057.jpg
where,data/train/where/20231206_115400_058.jpg
where,data/train/where/20231206_115400_059.jpg
where,data/train/where/20231206_115400_060.jpg
where,data/train/where/20231206_115400_061.jpg
where,data/train/where/20231206_115400_062.jpg
where,data/train/where/20231206_115400_063.jpg
where,data/train/where/20231206_115400_064.jpg
where,data/train/where/20231206_115400_065.jpg
where,data/train/where/20231206_115400_066.jpg
where,data/train/where/20231206_115400_067.jpg
where,data/train/where/20231206_115400_068.jpg
where,data/train/where/20231206_115400_069.jpg
where,data/train/where/20231206_115400_070.jpg
where,data/train/where/20231206_115400_075.jpg
where,data/train/where/20231206_115400_076.jpg
where,data/train/where/20231206_115400_077.jpg
where,data/train/where/20231206_115400_078.jpg
where,data/train/where/20231206_115400_079.jpg
where,data/train/where/20231206_115400_080.jpg
where,data/train/where/20231206_115400_081.jpg
where,data/train/where/20231206_115400_082.jpg
where,data/train/where/20231206_115400_083.jpg
where,data/train/where/20231206_115419_001.jpg
where,data/train/where/20231206_115419_002.jpg
where,data/train/where/20231206_115419_003.jpg
where,data/train/where/20231206_115419_004.jpg
where,data/train/where/20231206_115419_005.jpg
where,data/train/where/20231206_115419_006.jpg
where,data/train/where/20231206_115419_007.jpg
where,data/train/where/20231206_115419_008.jpg
where,data/train/where/20231206_115419_009.jpg
where,data/train/where/20231206_115419_010.jpg
where,data/train/where/20231206_115419_011.jpg
where,data/train/where/20231206_115419_012.jpg
where,data/train/where/20231206_115419_013.jpg
where,data/train/where/20231206_115419_014.jpg
where,data/train/where/20231206_115419_015.jpg
where,data/train/where/20231206_115419_016.jpg
where,data/train/where/20231206_115419_017.jpg
where,data/train/where/20231206_115419_018.jpg
where,data/train/where/20231206_115419_019.jpg
where,data/train/where/20231206_115419_020.jpg
where,data/train/where/20231206_115419_021.jpg
where,data/train/where/20231206_115419_022.jpg
where,data/train/where/20231206_115419_023.jpg
where,data/train/where/20231206_115419_024.jpg
where,data/train/where/20231206_115419_025.jpg
where,data/train/where/20231206_115419_026.jpg
where,data/train/where/20231206_115419_027.jpg
where,data/train/where/20231206_115419_028.jpg
where,data/train/where/20231206_115419_029.jpg
where,data/train/where/20231206_115419_030.jpg
where,data/train/where/20231206_115419_031.jpg
where,data/train/where/20231206_115419_032.jpg
where,data/train/where/20231206_115419_033.jpg
where,data/train/where/20231206_115419_034.jpg
where,data/train/where/20231206_115419_035.jpg
where,data/train/where/20231206_115419_036.jpg
where,data/train/where/20231206_115419_037.jpg
where,data/train/where/20231206_115419_038.jpg
where,data/train/where/20231206_115419_039.jpg
where,data/train/where/20231206_115419_040.jpg
where,data/train/where/20231206_115419_041.jpg
where,data/train/where/20231206_115419_042.jpg
where,data/train/where/20231206_115419_043.jpg
where,data/train/where/20231206_115419_044.jpg
where,data/train/where/20231206_115419_045.jpg
where,data/train/where/20231206_115419_046.jpg
where,data/train/where/20231206_115419_047.jpg
where,data/train/where/20231206_115419_048.jpg
where,data/train/where/20231206_115419_049.jpg
where,data/train/where/20231206_115419_050.jpg
where,data/train/where/20231206_115419_051.jpg
where,data/train/where/20231206_115419_052.jpg
where,data/train/where/20231206_115419_053.jpg
where,data/train/where/20231206_115419_054.jpg
where,data/train/where/20231206_115419_055.jpg
where,data/train/where/20231206_115419_056.jpg
where,data/train/where/20231206_115419_057.jpg
where,data/train/where/20231206_115419_058.jpg
where,data/train/where/20231206_115419_059.jpg
where,data/train/where/20231206_115419_060.jpg
where,data/train/where/20231206_115419_061.jpg
where,data/train/where/20231206_115419_062.jpg
where,data/train/where/20231206_115419_063.jpg
where,data/train/where/20231206_115419_064.jpg
where,data/train/where/20231206_115419_065.jpg
where,data/train/where/20231206_115419_066.jpg
where,data/train/where/20231206_115419_067.jpg
where,data/train/where/20231206_115419_068.jpg
where,data/train/where/20231206_115419_069.jpg
where,data/train/where/20231206_115419_070.jpg
where,data/train/where/20231206_115419_071.jpg
where,data/train/where/20231206_115419_072.jpg
where,data/train/where/20231206_115419_073.jpg
where,data/train/where/20231206_115419_074.jpg
where,data/train/where/20231206_115431_001.jpg
where,data/train/where/20231206_115431_002.jpg
where,data/train/where/20231206_115431_003.jpg
where,data/train/where/20231206_115431_004.jpg
where,data/train/where/20231206_115431_005.jpg
where,data/train/where/20231206_115431_006.jpg
where,data/train/where/20231206_115431_007.jpg
where,data/train/where/20231206_115431_008.jpg
where,data/train/where/20231206_115431_009.jpg
where,data/train/where/20231206_115431_010.jpg
where,data/train/where/20231206_115431_011.jpg
where,data/train/where/20231206_115431_012.jpg
where,data/train/where/20231206_115431_013.jpg
where,data/train/where/20231206_115431_014.jpg
where,data/train/where/20231206_115431_015.jpg
where,data/train/where/20231206_115431_016.jpg
